age;workclass;fnlwgt;education;education-num;marital-status;occupation;relationship;race;sex;capital-gain;capital-loss;hours-per-week;native-country;label
25;6;226802;0;7;0;0;0;0;0;0;0;40;0;0
38;6;89814;1;9;1;1;1;1;0;0;0;50;0;0
28;1;336951;2;12;1;2;1;1;0;0;0;40;0;1
44;6;160323;3;10;1;0;1;0;0;7688;0;40;0;1
34;6;198693;4;6;0;3;2;1;0;0;0;30;0;0
63;2;104626;5;15;1;4;1;1;0;3103;0;32;0;1
24;6;369667;3;10;0;3;3;1;1;0;0;40;0;0
55;6;104996;6;4;1;5;1;1;0;0;0;10;0;0
65;6;184454;1;9;1;0;1;1;0;6418;0;40;0;1
36;3;212465;7;13;1;6;1;1;0;0;0;40;0;0
26;6;82091;1;9;0;6;2;1;1;0;0;39;0;0
48;6;279724;1;9;1;0;1;1;0;3103;0;48;0;1
43;6;346189;8;14;1;7;1;1;0;0;0;50;0;1
20;4;444554;3;10;0;3;0;1;0;0;0;25;0;0
43;6;128354;1;9;1;6;4;1;1;0;0;30;0;0
37;6;60548;1;9;2;0;3;1;1;0;0;20;0;0
34;6;107914;7;13;1;8;1;1;0;0;0;47;0;1
34;6;238588;3;10;0;3;0;0;1;0;0;35;0;0
25;6;220931;7;13;0;4;2;1;0;0;0;43;1;0
25;6;205947;7;13;1;4;1;1;0;0;0;40;0;0
45;2;432824;1;9;1;5;1;1;0;7298;0;90;0;1
22;6;236427;1;9;0;6;0;1;0;0;0;20;0;0
23;6;134446;1;9;3;0;3;0;0;0;0;54;0;0
54;6;99516;1;9;1;5;1;1;0;0;0;35;0;0
32;2;109282;3;10;0;4;2;1;0;0;0;60;0;0
46;4;106444;3;10;1;7;1;0;0;7688;0;38;0;1
56;2;186651;0;7;2;3;3;1;1;0;0;50;0;0
24;2;188274;7;13;0;9;2;1;0;0;0;50;0;0
23;1;258120;3;10;1;2;1;1;0;0;0;40;0;0
26;6;43311;1;9;4;7;3;1;1;0;0;40;0;0
36;1;403681;7;13;1;4;1;1;0;0;0;40;0;1
22;6;248446;9;3;0;10;2;1;0;0;0;50;2;0
17;6;269430;4;6;0;0;2;1;0;0;0;40;0;0
20;6;257509;1;9;0;5;0;1;0;0;0;40;0;0
65;6;136384;8;14;1;4;1;1;0;0;0;50;0;1
44;5;120277;10;11;1;9;1;1;0;0;0;45;0;1
36;6;465326;1;9;1;1;1;1;0;0;0;40;0;0
29;6;103634;0;7;1;3;1;1;0;0;0;40;0;0
20;4;138371;3;10;0;1;0;1;0;0;0;32;0;0
28;6;242832;10;11;1;4;4;1;1;0;0;36;0;1
39;6;290208;6;4;1;5;1;1;0;0;0;40;3;0
54;6;186272;3;10;1;11;1;1;0;3908;0;50;0;0
52;6;201062;0;7;3;10;2;0;1;0;0;18;0;0
56;5;131916;1;9;2;7;2;1;1;0;0;50;0;0
18;6;54440;3;10;0;3;0;1;0;0;0;20;0;0
39;6;280215;1;9;4;12;0;0;0;0;0;40;0;0
21;6;214399;3;10;0;3;0;1;1;0;1721;24;0;0
22;6;54164;1;9;0;3;2;1;0;14084;0;60;0;1
38;6;219446;11;5;5;7;2;1;0;0;0;54;3;0
21;6;110677;3;10;0;6;0;1;1;0;0;40;0;0
63;6;145985;1;9;1;5;1;1;0;0;0;40;0;0
34;1;382078;7;13;1;7;1;1;0;3103;0;50;0;1
42;5;170721;1;9;1;7;1;1;0;5178;0;50;0;1
33;6;269705;1;9;1;12;1;1;0;0;0;40;0;0
30;6;101135;7;13;0;7;2;1;1;0;0;50;0;0
39;6;118429;3;10;4;9;2;1;0;0;0;40;0;0
26;6;31208;8;14;0;7;2;1;1;0;0;40;0;0
33;6;281384;1;9;0;0;0;1;1;0;0;40;0;0
47;1;171807;1;9;4;6;2;1;1;0;0;40;0;0
41;5;445382;2;12;1;5;1;1;0;15024;0;60;0;1
19;6;105460;3;10;0;3;0;1;0;0;0;20;0;0
46;6;170338;1;9;3;11;2;1;0;0;0;40;0;0
43;6;102606;1;9;1;9;1;1;0;0;0;48;0;0
55;6;323887;3;10;1;7;1;1;0;15024;0;45;0;1
46;6;175622;10;11;1;8;1;1;0;0;0;40;0;0
30;6;229636;1;9;1;0;1;1;0;0;0;40;3;0
21;6;388946;3;10;3;12;2;1;1;0;0;40;0;0
46;6;269034;3;10;1;5;1;4;0;0;0;40;4;0
41;6;75012;1;9;1;0;1;1;0;0;0;50;0;0
69;5;174379;1;9;1;9;1;1;0;0;0;30;0;0
50;6;312477;1;9;1;11;1;1;0;0;0;40;0;0
20;6;72055;3;10;0;6;2;1;1;0;0;40;0;0
45;5;67001;3;10;1;0;1;1;0;0;0;50;0;0
23;6;213734;7;13;0;7;2;1;0;0;0;40;0;0
24;6;83141;3;10;3;3;2;1;0;0;1876;40;0;0
31;2;113752;3;10;1;5;1;1;0;0;0;50;0;0
43;6;170482;1;9;3;0;2;1;1;0;0;44;0;0
20;3;244689;0;7;0;3;0;1;1;0;0;10;0;0
55;6;160631;1;9;1;9;1;1;0;0;0;56;0;1
24;3;228724;3;10;0;13;2;1;0;0;0;40;0;0
59;6;292946;7;13;0;7;2;1;1;0;0;25;0;0
49;3;77443;6;4;0;3;2;0;0;0;0;20;0;0
33;6;176410;8;14;1;4;4;1;1;5178;0;10;0;1
59;3;98984;7;13;4;6;2;1;0;0;0;40;0;0
34;6;198751;8;14;0;3;2;3;0;0;0;40;0;0
20;6;479296;1;9;0;12;0;1;0;0;0;40;0;0
25;6;235218;7;13;0;7;0;1;1;0;0;40;0;0
49;6;164877;4;6;1;1;1;1;0;0;0;40;0;0
59;6;272087;1;9;1;11;1;1;0;0;0;40;0;1
20;6;169699;1;9;0;6;2;1;1;0;0;40;0;0
33;6;202191;3;10;0;6;3;0;1;0;0;35;0;0
22;6;212261;3;10;0;11;0;0;0;0;0;39;0;0
58;2;301568;11;5;2;3;2;1;1;0;0;40;0;0
52;1;155233;1;9;2;6;3;1;1;0;0;28;0;0
36;6;75826;4;6;3;0;2;1;1;0;0;40;0;0
41;1;201520;1;9;1;2;1;1;0;0;0;40;0;0
28;6;154236;1;9;0;11;0;1;0;2597;0;40;0;0
19;6;289227;3;10;0;12;0;0;0;0;0;16;0;0
18;6;217439;1;9;0;3;2;1;1;0;0;28;0;0
18;6;179020;1;9;0;0;0;1;1;0;0;48;0;0
28;6;149624;3;10;1;5;1;1;0;0;0;40;0;0
29;6;337266;10;11;1;7;1;1;0;0;0;40;0;1
40;6;103541;3;10;1;12;1;1;0;0;0;40;0;0
26;6;206721;1;9;0;12;3;1;0;0;0;40;0;0
46;6;96773;1;9;1;5;1;1;0;0;0;40;0;0
23;6;200967;0;7;0;3;2;1;1;0;0;24;0;0
44;6;180019;1;9;5;6;3;1;1;0;0;40;0;0
43;6;179866;7;13;4;9;3;1;1;0;0;40;0;1
31;1;198770;7;13;4;4;3;1;1;0;0;60;0;0
18;6;219256;3;10;0;9;0;1;1;0;0;25;0;0
19;6;248730;3;10;0;2;0;1;0;0;0;30;0;0
41;6;110732;3;10;4;8;2;1;1;0;0;40;0;0
41;6;181020;1;9;4;12;3;1;1;0;0;40;0;0
69;6;183791;1;9;4;6;2;1;1;0;0;25;0;0
48;3;42972;12;16;1;4;4;1;1;0;0;40;0;1
28;6;134813;1;9;0;4;0;1;0;0;0;40;0;0
27;2;115438;1;9;1;5;1;1;0;0;0;60;5;1
41;6;239296;8;14;1;4;1;1;0;0;2415;50;0;1
41;6;428420;3;10;1;6;1;1;0;0;0;40;0;0
24;6;247846;1;9;0;5;3;0;1;0;0;40;0;0
42;5;100793;12;16;1;4;1;1;0;0;0;41;0;1
57;6;244478;1;9;1;5;1;0;0;0;0;48;0;0
30;6;142921;2;12;0;4;2;1;1;0;0;40;0;0
36;6;182863;1;9;1;9;1;1;0;0;0;60;0;1
49;6;171128;6;4;1;0;1;0;0;0;0;40;0;0
33;6;145402;1;9;1;0;4;1;1;0;0;35;0;0
23;6;306309;4;6;1;1;1;1;0;0;0;40;0;0
46;6;83822;8;14;1;4;1;1;0;0;0;40;0;0
18;6;262118;3;10;0;6;0;2;1;0;0;22;6;0
40;6;155972;1;9;1;7;1;1;0;7688;0;55;0;1
43;5;214503;1;9;1;7;1;1;0;0;1887;45;0;1
34;6;159303;8;14;0;4;0;1;1;0;0;30;0;0
47;2;174995;1;9;2;7;2;1;1;0;0;30;0;0
44;6;26669;10;11;2;7;3;1;1;0;0;30;0;0
33;6;177727;1;9;1;9;1;1;0;0;0;40;0;1
55;6;124771;7;13;1;7;1;1;0;15024;0;50;0;1
19;6;456736;1;9;0;9;2;1;0;2907;0;30;0;0
28;6;216604;3;10;0;3;2;0;0;0;0;14;0;0
27;6;221561;0;7;1;3;4;0;1;0;0;32;0;0
50;6;114564;6;4;1;0;1;1;0;0;0;20;0;0
22;6;315476;0;7;0;5;3;1;0;0;0;40;0;0
40;4;67874;7;13;1;6;1;1;0;0;1887;45;0;1
25;6;126110;3;10;0;6;0;1;1;0;0;40;0;0
26;1;102264;1;9;0;5;2;1;0;0;0;40;0;0
22;6;537222;7;13;0;9;2;1;0;0;0;25;0;0
42;6;113732;3;10;0;12;3;0;1;0;625;40;0;0
38;5;93225;7;13;4;7;2;1;0;0;0;40;0;0
55;6;43064;0;7;1;3;1;1;0;0;0;30;0;0
32;6;136921;1;9;1;9;1;1;0;0;0;40;0;0
22;6;388885;1;9;1;5;1;1;0;0;0;45;0;0
29;6;142249;7;13;0;9;0;1;0;0;0;40;0;0
46;4;56841;8;14;1;7;1;1;0;0;0;45;0;1
31;6;156493;3;10;1;7;1;1;0;0;0;40;0;1
58;2;159021;12;16;1;4;1;1;0;0;0;16;0;1
42;6;190910;1;9;1;5;1;1;0;0;0;45;0;0
18;6;41879;1;9;0;12;3;1;0;0;0;25;0;0
58;1;137249;1;9;4;7;2;1;0;0;0;33;0;0
54;6;236157;1;9;1;4;1;1;0;0;1887;40;0;1
34;6;189759;8;14;0;4;2;1;0;0;0;40;0;0
26;6;239877;7;13;0;6;2;1;1;0;0;40;0;0
61;6;21175;13;8;1;7;1;1;0;0;0;60;0;0
48;1;67229;8;14;3;6;3;0;1;0;0;40;0;0
36;6;236391;3;10;1;7;1;1;0;0;0;45;0;1
24;6;325596;10;11;1;0;1;1;0;0;0;45;0;0
40;6;83411;3;10;1;0;1;1;0;0;0;37;0;0
33;5;154227;1;9;1;9;1;1;0;0;0;50;0;1
37;6;248010;3;10;1;0;1;1;0;0;1887;40;0;1
34;6;198613;8;14;0;7;0;1;0;4650;0;40;0;0
56;5;321529;3;10;1;7;1;1;0;15024;0;40;0;1
37;6;203079;7;13;2;7;2;1;1;0;0;55;0;0
44;6;284652;1;9;4;9;3;0;1;0;0;40;0;0
54;6;59840;1;9;4;12;2;1;0;0;0;45;0;0
23;6;52753;1;9;0;0;2;1;0;0;0;50;0;0
22;6;199266;1;9;0;3;2;1;1;0;0;45;0;0
33;6;196385;7;13;1;7;1;1;0;0;1977;40;0;1
39;6;163205;7;13;3;4;2;1;0;0;0;50;0;1
47;6;411047;3;10;4;6;2;0;1;0;0;37;0;0
26;6;209440;1;9;0;4;3;0;1;0;0;55;0;0
31;6;56964;3;10;4;7;3;1;1;0;0;40;0;0
44;6;299197;3;10;0;11;2;1;0;0;0;45;0;0
42;5;240628;5;15;1;4;4;1;1;0;0;50;0;1
19;6;355313;1;9;0;0;2;1;1;0;0;40;0;0
27;6;132267;1;9;1;12;1;1;0;0;0;40;0;1
51;1;174861;3;10;1;2;1;1;0;0;0;40;0;1
28;5;142443;7;13;1;7;1;1;0;0;0;50;0;0
57;6;26716;7;13;4;5;2;1;0;0;0;45;0;0
45;1;185588;7;13;4;4;3;1;1;0;0;40;0;0
50;6;175029;10;11;1;4;1;1;0;0;0;40;0;1
34;5;34848;7;13;1;9;1;1;0;0;0;54;0;0
45;6;411273;6;4;1;5;1;0;0;0;0;40;0;0
73;1;143437;1;9;1;7;1;1;0;0;0;20;0;0
34;6;357145;7;13;1;4;4;1;1;0;0;50;0;1
31;6;236861;3;10;1;9;1;1;0;0;0;55;0;1
19;6;53355;0;7;0;9;2;1;0;0;0;12;0;0
25;6;29106;3;10;0;3;0;1;1;0;0;50;0;0
38;3;213274;10;11;4;5;3;1;1;6497;0;40;0;0
39;6;22463;7;13;1;11;1;1;0;0;0;40;0;0
23;6;180497;7;13;0;8;0;0;1;0;0;32;0;0
49;6;37306;1;9;1;0;1;1;0;0;0;40;0;0
33;3;137814;1;9;0;3;2;1;0;0;0;32;0;0
21;6;447488;9;3;0;0;5;1;0;0;0;38;3;0
31;6;220915;10;11;3;5;2;1;0;0;0;40;0;0
23;6;42251;7;13;0;7;2;1;1;0;0;45;0;0
34;6;162312;7;13;1;6;1;2;0;0;0;40;7;0
25;6;77698;1;9;0;0;2;2;1;0;0;40;7;0
39;6;282951;1;9;0;5;3;1;0;0;0;40;0;0
52;5;311259;1;9;1;9;1;1;0;0;0;40;0;1
63;1;65479;11;5;1;11;1;1;0;7688;0;40;0;1
41;6;277256;3;10;1;5;1;1;0;0;0;40;0;0
46;6;312088;7;13;1;4;1;1;0;15024;0;38;0;1
53;1;169719;1;9;1;7;1;1;0;0;0;40;0;0
18;6;96869;13;8;0;10;0;1;0;0;0;40;0;0
38;6;237943;5;15;1;4;1;1;0;0;0;50;0;0
55;6;119751;8;14;0;7;3;2;1;0;0;50;8;0
34;6;236861;1;9;1;8;1;1;0;0;0;40;0;1
80;2;201092;1;9;1;3;1;1;0;0;0;30;0;0
34;6;147215;10;11;4;8;3;1;1;0;0;60;0;0
52;6;152373;3;10;1;8;1;1;0;5013;0;40;0;0
42;6;227968;1;9;0;3;3;0;1;0;0;28;9;0
26;6;362617;3;10;0;9;2;1;1;0;0;40;0;0
31;6;103435;1;9;1;11;1;1;0;0;0;40;0;0
25;1;281412;1;9;0;3;0;1;1;0;0;35;0;0
55;2;105239;1;9;1;5;1;1;0;0;2057;60;0;0
19;6;230165;3;10;0;3;0;1;1;0;0;12;0;0
62;2;177493;3;10;1;11;1;1;0;0;0;32;0;0
22;3;104443;3;10;0;6;0;1;1;0;0;20;0;0
35;6;143385;1;9;1;12;1;1;0;0;0;40;0;0
28;6;107189;1;9;1;9;0;1;1;0;0;40;0;0
47;6;212944;1;9;1;11;1;1;0;0;0;70;0;1
44;4;138634;1;9;1;0;1;1;0;0;0;40;0;0
21;6;99970;3;10;0;9;0;1;0;0;0;15;0;0
35;6;203717;10;11;0;5;2;1;0;0;0;50;0;0
24;6;313956;7;13;1;4;1;1;0;0;0;40;0;1
28;6;193868;7;13;0;8;0;1;0;0;0;50;0;0
21;6;250939;3;10;0;0;5;1;0;0;0;35;0;0
62;3;57629;3;10;4;8;2;0;0;4650;0;40;0;0
39;6;281768;1;9;0;3;2;0;1;0;0;40;0;0
30;4;260782;1;9;0;3;2;1;0;0;0;40;0;0
72;2;243769;5;15;0;4;2;1;0;0;1429;20;0;0
50;6;109937;3;10;1;7;4;1;1;0;0;50;0;0
28;1;134890;8;14;0;4;2;1;0;0;0;40;0;0
29;6;100293;3;10;0;4;2;1;1;0;0;40;0;0
26;6;132179;7;13;0;6;0;1;1;0;0;40;0;0
27;6;116372;8;14;0;7;2;1;1;0;0;40;0;0
29;6;255412;3;10;1;12;1;1;0;3103;0;40;0;1
29;6;342400;4;6;1;5;1;1;0;0;0;25;0;0
31;6;169085;0;7;1;9;4;1;1;0;0;20;0;0
25;6;177221;1;9;1;7;1;1;0;0;0;75;0;0
58;6;65325;4;6;1;11;1;1;0;0;0;40;0;1
64;6;118944;3;10;1;7;4;1;1;0;0;40;0;1
46;4;149337;8;14;0;7;2;1;0;0;0;38;0;0
19;6;106183;1;9;0;3;0;3;1;0;0;35;0;0
42;6;226388;1;9;4;3;2;0;0;0;0;52;0;0
18;6;220754;0;7;0;12;0;1;0;0;0;24;0;0
58;5;204021;7;13;1;5;1;1;0;15024;0;50;0;1
20;6;347391;3;10;0;2;2;0;0;0;0;60;0;0
35;3;413930;1;9;1;5;1;1;0;0;0;40;0;1
32;6;174201;1;9;1;12;1;1;0;0;0;38;0;1
23;6;145917;1;9;0;12;2;1;1;0;0;25;0;0
31;6;241797;3;10;4;8;3;1;1;0;0;40;0;0
33;6;265168;7;13;1;9;1;0;0;0;0;55;0;0
41;6;171234;3;10;0;0;2;1;1;0;0;48;0;0
22;6;178452;1;9;0;0;0;0;0;0;0;40;0;0
46;6;157857;3;10;1;2;1;1;0;0;0;40;0;1
61;3;512864;3;10;1;11;1;0;0;0;0;40;0;0
30;6;296462;1;9;0;7;2;0;0;0;0;40;0;0
42;6;171615;1;9;1;7;1;1;0;0;0;55;0;1
63;6;214071;4;6;1;12;1;1;0;0;0;40;0;0
26;6;172421;3;10;1;9;1;1;0;0;0;40;0;0
42;6;195488;4;6;4;6;3;1;1;0;0;40;0;0
23;6;316841;3;10;1;3;1;1;0;0;0;40;0;0
25;6;236267;1;9;0;0;3;1;0;0;1590;40;0;0
30;6;236543;11;5;1;3;1;1;0;0;0;32;10;1
23;6;318483;1;9;0;9;0;1;0;0;0;40;0;0
34;2;163756;10;11;0;1;2;1;0;27828;0;60;0;1
30;6;238186;1;9;1;0;5;1;0;0;2057;48;0;0
39;6;329980;3;10;1;5;1;1;0;0;0;40;0;1
30;6;169269;0;7;0;12;5;1;0;0;1721;38;11;0
38;1;34744;3;10;4;6;3;1;1;0;0;38;0;0
26;6;98114;1;9;4;7;0;1;1;0;0;40;0;0
20;6;109667;3;10;0;12;0;1;0;0;0;16;0;0
33;6;147430;1;9;1;6;0;1;1;0;0;40;0;0
24;6;224238;7;13;0;6;0;1;0;0;0;40;0;0
42;5;212894;7;13;1;7;1;1;0;0;0;60;0;1
51;2;136708;1;9;1;9;1;2;0;3103;0;84;12;0
56;1;38573;2;12;1;8;1;1;0;0;0;45;0;1
22;6;197200;3;10;0;12;0;1;0;0;0;40;0;0
52;2;182796;3;10;1;1;1;1;0;0;0;60;0;0
44;6;184527;7;13;4;7;3;1;1;4934;0;45;0;1
34;6;145231;1;9;1;6;4;1;1;4064;0;35;0;0
51;6;43354;3;10;4;5;2;1;0;0;0;42;0;1
19;6;355712;3;10;0;9;2;1;1;0;0;25;0;0
37;6;98776;7;13;1;7;1;1;0;0;0;40;0;1
68;6;257557;1;9;1;0;1;0;0;0;0;40;0;1
22;6;102258;3;10;4;2;2;1;0;0;0;40;0;0
56;5;170287;7;13;1;7;1;1;0;0;0;40;0;0
37;6;243409;1;9;1;5;1;1;0;0;0;40;0;0
52;6;55608;14;2;1;0;1;1;0;0;0;40;3;0
26;6;248057;1;9;3;12;0;1;0;0;0;40;11;0
33;6;95530;8;14;1;4;1;1;0;0;0;50;0;0
45;1;54038;8;14;4;4;3;1;1;0;0;42;0;0
18;6;161245;0;7;0;3;0;1;0;0;0;15;0;0
43;2;388725;3;10;1;1;1;1;0;0;0;60;0;1
18;6;228216;1;9;0;12;0;1;0;0;0;20;0;0
57;6;78020;1;9;1;5;1;1;0;0;0;40;0;1
41;6;249254;1;9;4;6;3;1;1;3674;0;42;0;0
34;6;87218;8;14;1;7;1;1;0;0;1887;50;0;1
19;6;304299;1;9;0;9;3;1;1;0;0;40;0;0
44;6;196234;11;5;4;3;3;1;1;0;0;55;4;0
56;6;197875;4;6;2;3;3;1;1;0;0;40;0;0
36;5;48063;1;9;1;1;1;1;0;0;0;80;0;0
48;6;253596;7;13;4;7;3;1;1;0;0;48;0;0
29;6;39257;1;9;1;11;1;1;0;0;0;40;0;1
33;6;56150;7;13;0;5;2;1;0;2174;0;40;0;0
31;6;179415;9;3;1;3;1;1;0;0;0;40;3;0
39;6;252445;8;14;1;4;1;1;0;0;0;45;0;1
66;6;275918;1;9;1;7;1;1;0;10605;0;40;0;1
27;6;106562;7;13;0;4;2;1;1;0;0;50;0;1
39;6;198654;1;9;4;7;3;0;1;99999;0;40;0;1
59;6;107318;6;4;1;5;1;1;0;5178;0;50;0;1
26;6;181896;1;9;0;3;0;1;1;0;0;40;0;0
31;6;106014;10;11;4;5;3;1;0;0;0;40;0;0
23;6;197997;1;9;0;12;0;1;0;0;0;30;0;0
36;1;173542;1;9;4;6;3;1;1;0;0;40;0;0
34;6;207564;3;10;1;3;4;1;1;0;0;12;0;1
32;6;224462;1;9;1;11;1;1;0;0;0;84;0;1
37;6;123361;7;13;1;4;1;0;0;0;0;50;0;1
33;6;90409;7;13;0;9;2;1;0;0;0;45;0;0
50;2;165001;5;15;1;4;1;1;0;99999;0;80;0;1
32;3;149573;2;12;0;2;2;0;0;0;0;40;0;0
35;6;249456;7;13;0;6;0;0;1;0;0;40;0;0
37;6;149898;0;7;1;5;1;1;0;0;0;40;0;0
44;6;292985;3;10;4;5;2;1;0;0;0;60;0;0
57;6;50223;3;10;4;12;5;1;0;0;0;25;0;0
29;1;400074;3;10;1;7;0;1;1;0;0;40;0;0
55;6;197399;1;9;1;5;1;1;0;0;0;50;0;1
43;5;209547;5;15;1;4;1;1;0;0;0;25;0;1
43;6;52433;3;10;1;9;1;1;0;0;0;70;0;0
45;2;355978;3;10;1;9;1;1;0;0;0;60;0;1
33;2;48214;8;14;1;4;4;1;1;0;0;8;0;0
26;6;190873;4;6;4;3;3;1;1;0;0;40;6;0
23;6;278390;3;10;1;9;1;1;0;0;0;68;0;0
41;6;203217;6;4;3;5;2;1;0;0;0;40;3;0
24;6;279175;1;9;1;5;1;1;0;0;0;40;0;0
47;2;194590;7;13;1;9;1;1;0;0;0;44;0;0
34;2;198813;1;9;0;5;0;1;0;0;0;45;0;0
40;6;187294;1;9;1;7;1;1;0;0;0;40;0;1
28;6;302903;7;13;1;4;4;2;1;0;1485;40;0;0
24;6;154835;1;9;0;7;0;2;1;0;0;40;13;0
23;6;100345;1;9;0;5;5;1;0;0;0;15;0;0
43;2;126320;1;9;1;7;1;0;0;0;0;40;0;1
26;6;142226;7;13;4;8;2;1;1;0;0;40;0;0
58;2;112076;12;16;6;7;4;1;1;0;1485;35;0;1
52;6;225339;1;9;2;6;3;0;1;0;0;35;0;0
29;6;211208;0;7;1;11;1;1;0;0;0;99;0;1
47;6;200808;0;7;1;3;1;1;0;0;0;35;14;0
49;6;220618;1;9;4;6;3;0;1;0;0;37;0;0
40;6;210493;0;7;2;6;3;1;1;0;0;40;0;0
62;2;369734;1;9;1;6;4;1;1;0;0;40;0;0
49;6;27898;1;9;1;7;1;1;0;0;1977;55;0;1
50;6;138193;7;13;4;4;5;1;1;0;0;50;0;1
31;6;224234;1;9;0;11;0;0;0;0;0;40;0;0
48;1;188741;8;14;0;4;2;1;1;0;0;50;0;0
24;6;183772;1;9;0;5;3;1;1;0;0;40;0;0
37;6;79586;1;9;3;0;0;2;0;0;0;60;0;0
45;6;355781;7;13;1;7;1;2;0;0;0;45;15;1
36;6;116358;8;14;1;7;1;2;0;0;0;45;16;0
45;6;59287;7;13;1;7;1;1;0;0;0;40;0;0
41;6;138868;7;13;0;9;2;1;1;0;0;40;0;0
26;6;185885;2;12;0;8;5;1;1;0;0;20;0;0
17;6;40299;0;7;0;9;0;1;1;0;0;25;0;0
43;6;51494;1;9;1;0;1;1;0;0;0;65;0;0
35;6;179481;1;9;0;11;0;1;0;0;0;55;0;0
38;6;365907;7;13;4;6;3;1;1;0;0;40;0;0
26;6;284343;1;9;0;0;2;1;0;0;0;40;0;0
28;6;204862;3;10;0;7;0;1;1;0;0;40;0;0
38;6;272476;7;13;1;4;4;1;1;0;0;24;0;1
36;6;175130;0;7;4;11;3;1;1;0;0;40;0;0
33;6;118941;1;9;1;6;4;1;1;0;0;40;0;1
19;6;164339;1;9;0;12;0;1;0;1055;0;70;0;0
42;3;55457;4;6;1;6;1;1;0;0;0;40;3;0
50;6;280292;4;6;1;11;1;1;0;0;0;40;0;1
30;6;446894;1;9;1;12;1;1;0;0;0;30;0;0
37;4;67083;3;10;1;4;5;2;0;0;0;40;17;0
54;5;159219;5;15;1;4;1;1;0;99999;0;40;0;1
52;5;168539;7;13;0;7;2;1;0;0;0;40;0;0
33;6;150309;1;9;4;5;2;1;1;0;0;40;0;0
25;6;122999;3;10;0;8;5;1;0;0;0;40;0;0
24;6;302195;7;13;0;9;2;1;0;0;0;45;0;0
26;6;210982;10;11;3;6;3;0;1;114;0;40;0;0
39;6;177140;1;9;3;6;2;1;0;0;0;40;0;1
59;6;113838;1;9;4;3;2;1;1;0;0;40;0;0
29;6;97165;3;10;0;6;3;1;1;0;0;40;0;0
47;6;104301;0;7;0;3;0;1;1;0;0;45;0;0
64;5;115931;1;9;1;11;1;1;0;0;0;50;0;0
21;6;147280;1;9;0;3;0;4;0;0;0;20;0;0
32;6;185433;3;10;1;6;4;0;1;0;0;40;0;1
26;6;599057;1;9;0;7;2;0;1;0;0;37;0;0
62;2;71467;8;14;1;4;1;1;0;0;0;40;0;0
32;6;183977;7;13;1;5;1;1;0;0;0;55;0;1
45;2;196858;1;9;1;7;1;1;0;0;0;60;0;0
31;6;160594;7;13;1;7;1;1;0;0;1887;50;0;1
32;6;65278;1;9;1;6;1;1;0;2580;0;40;0;0
24;6;102258;7;13;1;9;1;1;0;0;0;40;0;0
25;6;196947;7;13;0;9;0;1;1;0;0;40;0;0
41;2;233150;1;9;1;7;1;1;0;0;0;60;0;0
18;6;42857;3;10;0;9;0;1;1;0;0;20;0;0
44;6;118059;12;16;1;4;1;1;0;0;0;55;0;1
40;6;169262;3;10;1;7;1;1;0;3411;0;50;0;0
27;6;95108;7;13;0;4;2;1;0;0;0;40;0;0
23;6;161092;7;13;0;6;0;1;0;0;0;40;0;0
21;6;345253;3;10;0;6;2;4;0;2174;0;40;0;0
37;4;111275;1;9;1;11;1;1;0;0;0;40;0;0
65;2;178878;1;9;1;1;1;1;0;0;0;48;0;0
43;3;157237;8;14;1;4;1;1;0;0;0;40;0;1
45;6;155664;1;9;0;6;2;1;0;0;0;44;0;0
24;4;322658;7;13;0;7;2;1;1;0;0;40;0;0
24;6;208503;3;10;0;0;2;1;0;0;0;42;0;0
19;1;223326;3;10;0;2;0;1;0;0;1721;35;0;0
37;6;20308;7;13;1;4;1;1;0;0;0;65;0;1
24;6;124751;1;9;0;6;0;1;1;0;0;35;0;0
34;6;113364;3;10;1;0;1;1;0;0;0;40;6;0
50;4;196900;1;9;1;3;4;1;1;0;0;39;0;0
36;6;168170;1;9;1;5;1;1;0;0;0;40;11;0
39;6;205338;7;13;1;9;1;1;0;0;0;60;0;0
44;2;98806;6;4;1;5;1;1;0;0;0;38;0;0
45;4;226452;1;9;1;3;1;1;0;0;0;40;0;0
32;4;479179;0;7;0;2;0;1;0;0;0;40;0;0
47;3;471990;8;14;1;7;1;0;0;0;0;40;0;1
50;6;44728;1;9;1;0;1;1;0;0;0;40;0;0
32;6;33117;10;11;1;3;1;1;0;0;0;40;0;0
19;6;264876;1;9;0;12;0;1;0;0;0;40;0;0
28;6;193122;1;9;4;9;5;1;0;0;0;50;0;0
39;3;149347;8;14;0;4;2;1;0;0;0;40;18;1
21;6;129172;3;10;0;3;2;1;0;2907;0;40;0;0
73;2;151255;3;10;2;1;2;1;1;0;0;75;0;0
39;6;98886;6;4;1;3;1;1;0;4508;0;40;3;0
25;6;238673;3;10;0;0;2;1;0;0;0;40;0;0
31;6;137991;3;10;6;9;4;1;1;0;0;20;0;0
51;6;85942;3;10;4;9;2;1;1;0;0;32;0;0
39;6;85783;7;13;1;6;4;1;1;0;0;28;0;0
31;6;174789;7;13;4;12;0;1;0;0;0;40;0;0
21;6;457162;3;10;0;9;0;0;0;0;0;17;0;0
46;6;176026;7;13;4;7;2;1;0;27828;0;50;0;1
73;6;88594;1;9;4;7;2;1;1;0;0;35;0;0
41;6;311101;1;9;4;5;2;1;0;0;0;40;0;0
20;6;273989;1;9;0;11;0;1;0;0;0;40;0;0
27;6;370242;2;12;0;3;2;1;0;0;0;30;0;0
24;6;194630;7;13;0;4;2;1;0;0;0;35;0;0
20;6;313817;3;10;1;5;1;1;0;0;0;40;0;0
39;6;195843;10;11;0;0;0;1;0;0;0;40;0;0
27;6;203160;7;13;0;12;2;1;0;0;0;28;0;0
33;6;175856;0;7;1;9;1;1;0;0;0;60;0;0
33;6;75435;1;9;1;12;1;3;0;0;0;40;0;0
36;4;291676;11;5;1;5;1;0;0;0;0;40;0;0
55;6;192869;3;10;1;7;1;1;0;0;0;36;0;0
19;6;124464;3;10;0;0;0;1;0;0;0;40;0;0
35;6;98776;1;9;0;7;2;1;0;0;0;60;0;0
34;6;107960;9;3;0;0;5;2;0;0;0;40;19;0
62;4;312286;5;15;4;4;2;1;1;0;0;35;0;0
33;2;48520;3;10;1;5;1;1;0;0;0;40;0;1
39;6;224541;11;5;1;5;1;1;0;4386;0;55;3;0
36;1;237713;3;10;1;8;1;1;0;0;0;40;0;0
41;6;309990;7;13;4;6;3;1;1;0;0;33;0;0
39;2;37019;1;9;1;5;1;1;0;0;0;60;0;0
18;6;170183;1;9;0;6;0;1;1;0;0;10;0;0
61;6;142988;3;10;1;7;1;1;0;15024;0;45;0;1
20;3;163205;10;11;0;6;0;1;1;0;0;36;0;0
35;2;455379;1;9;1;11;1;1;0;0;0;65;0;1
27;6;104423;1;9;0;0;0;1;0;0;0;40;0;0
66;6;104936;4;6;2;3;3;1;1;0;0;38;0;0
21;6;542610;1;9;0;11;5;0;0;0;0;40;0;0
20;6;208117;3;10;0;3;0;1;1;0;0;18;0;0
34;6;105141;3;10;4;6;0;1;0;0;0;40;0;0
31;6;213339;1;9;3;8;2;1;1;0;0;40;0;0
41;6;177989;12;16;1;4;1;1;0;0;2051;60;0;0
64;4;107732;14;2;1;1;1;4;0;0;0;45;14;0
32;6;312403;7;13;0;7;2;1;1;0;0;40;0;0
30;1;176992;1;9;1;11;1;1;0;0;0;50;0;1
36;2;84294;7;13;1;1;1;1;0;0;0;72;0;0
22;6;143062;3;10;0;1;0;1;0;0;0;12;0;0
53;1;139671;3;10;1;7;1;1;0;0;0;50;0;0
50;6;116814;1;9;2;6;2;3;1;0;0;40;0;0
36;6;37778;7;13;1;7;1;1;0;0;0;40;0;0
41;5;240900;0;7;1;7;1;1;0;0;0;40;0;0
55;6;202652;7;13;0;7;2;1;1;0;0;35;0;0
38;6;52187;7;13;1;9;1;1;0;15024;0;50;0;1
28;6;349751;7;13;0;7;2;0;0;2174;0;50;0;0
24;1;238384;7;13;0;4;0;1;1;0;0;37;0;0
60;6;209844;3;10;4;6;5;1;1;0;0;40;0;0
54;6;333301;4;6;1;3;1;0;0;0;0;40;0;0
27;5;214974;1;9;1;5;1;1;0;0;0;60;0;0
30;6;113453;8;14;1;4;4;1;1;0;0;30;0;0
54;6;162238;1;9;2;11;2;1;0;0;0;45;0;0
44;6;98779;3;10;1;5;1;1;0;5178;0;40;0;1
52;6;165001;1;9;1;11;1;1;0;0;0;60;0;1
18;6;78528;0;7;0;3;0;1;0;0;0;20;0;0
55;6;353881;6;4;1;11;1;1;0;0;0;50;0;0
35;6;251396;7;13;1;4;1;1;0;0;0;50;0;1
37;6;178100;7;13;4;7;2;1;1;0;0;40;0;1
22;6;416165;3;10;0;6;0;1;1;0;0;40;0;0
45;6;177536;7;13;1;7;1;1;0;0;0;45;20;1
38;6;203717;7;13;1;1;1;1;0;0;0;60;0;0
48;6;107231;7;13;1;4;1;1;0;0;0;40;0;0
35;6;106448;10;11;1;3;1;1;0;0;0;40;0;0
21;6;196816;10;11;1;5;5;1;0;0;0;50;0;0
37;2;191342;1;9;1;5;1;2;0;0;0;60;7;1
18;6;170194;0;7;0;9;0;1;0;0;0;25;0;0
26;6;113587;4;6;4;0;0;1;0;0;0;35;0;0
48;5;72425;7;13;1;5;1;1;0;0;0;50;0;0
51;6;217480;3;10;3;6;2;0;0;8614;0;40;0;1
52;6;120914;3;10;1;5;1;1;0;0;0;40;0;0
32;4;33945;7;13;1;1;1;1;0;0;0;40;0;1
39;2;199753;7;13;1;3;1;1;0;0;0;60;0;0
51;6;144284;7;13;1;4;1;1;0;0;0;40;0;1
54;6;53833;7;13;1;9;1;1;0;0;0;50;0;0
21;6;151158;3;10;0;4;2;1;1;0;0;25;0;0
43;6;125577;1;9;3;6;3;0;1;0;0;40;0;0
32;6;242323;3;10;0;6;0;1;1;0;0;40;0;0
31;4;195181;8;14;1;4;1;1;0;0;0;35;0;1
26;6;341672;3;10;0;6;5;2;0;0;0;60;16;0
35;6;116369;1;9;0;5;2;1;0;0;0;40;0;0
73;6;113446;9;3;1;7;1;1;0;0;0;54;0;1
25;2;121285;7;13;0;9;2;1;1;0;0;40;0;0
58;2;25124;10;11;1;1;1;1;0;0;2377;65;0;0
32;6;182274;1;9;3;3;0;1;1;0;0;37;0;0
28;6;103548;7;13;1;4;1;1;0;0;0;40;0;0
41;2;38434;8;14;0;9;2;1;1;0;0;30;0;0
53;2;317313;1;9;1;5;1;1;0;0;0;48;0;0
49;6;177543;1;9;3;6;3;1;1;0;0;35;0;0
55;6;139834;7;13;1;4;1;1;0;0;0;40;0;1
29;6;118478;3;10;1;6;4;1;1;7298;0;50;0;1
28;2;147951;10;11;1;1;1;1;0;0;0;80;0;0
44;6;201734;1;9;1;5;1;1;0;0;0;45;0;0
41;6;198196;8;14;1;7;1;1;0;0;0;45;0;1
26;6;141876;10;11;1;9;1;1;0;3103;0;45;0;1
23;6;325179;1;9;1;9;1;1;0;0;0;40;0;1
37;2;143774;7;13;1;4;4;1;1;0;0;40;6;1
23;6;152328;7;13;0;4;0;1;0;13550;0;50;0;1
33;6;479600;3;10;0;3;3;0;1;0;0;40;0;0
44;6;180599;1;9;0;5;0;1;0;0;0;40;0;1
21;6;448026;3;10;0;2;0;1;0;2907;0;30;0;0
36;6;300333;0;7;1;7;1;1;0;0;0;40;21;0
44;1;184105;7;13;1;6;1;1;0;5013;0;40;0;0
23;6;202084;1;9;0;3;3;0;1;0;0;40;0;0
26;6;29515;1;9;4;7;0;1;0;0;0;40;0;0
32;6;247328;9;3;0;3;2;1;0;0;0;40;3;0
31;6;188246;3;10;1;12;1;1;0;0;0;40;0;1
50;1;105788;1;9;3;7;3;0;1;6497;0;35;0;0
18;5;352640;3;10;0;6;0;1;1;0;0;20;0;0
49;6;132576;7;13;1;7;1;1;0;0;0;50;0;1
59;6;128829;1;9;4;3;2;1;1;0;0;40;0;0
38;6;93140;1;9;3;0;3;0;1;0;0;28;0;0
50;5;155965;3;10;1;9;1;1;0;0;0;55;0;0
51;5;335902;3;10;1;5;1;1;0;0;1672;55;0;0
22;6;158522;3;10;0;0;0;2;0;0;0;35;0;0
54;6;174806;1;9;1;0;4;1;1;0;0;40;0;1
37;6;32207;1;9;0;11;2;1;0;0;0;40;0;0
31;6;43607;7;13;2;6;3;1;0;0;0;60;0;0
67;4;168224;7;13;1;7;1;1;0;0;0;40;0;0
21;6;311376;3;10;0;7;5;1;1;0;0;40;0;0
30;6;101562;1;9;0;6;2;1;1;0;0;40;0;0
32;1;267859;3;10;1;2;1;1;0;0;0;50;21;0
36;6;86143;10;11;0;5;0;2;0;0;0;40;0;0
33;1;217304;7;13;0;6;2;0;0;0;0;40;0;0
37;6;410034;1;9;1;5;1;1;0;0;0;56;0;0
29;6;293073;5;15;1;4;1;1;0;7298;0;48;0;1
26;6;247425;3;10;0;9;2;0;0;0;0;40;9;0
51;6;128338;6;4;1;4;1;1;0;0;0;40;0;0
39;6;189344;1;9;1;0;1;1;0;0;0;40;3;0
18;6;366154;1;9;0;3;2;1;0;0;0;30;0;0
52;6;163051;13;8;1;0;1;1;0;0;1628;40;0;0
31;6;437200;3;10;1;1;1;1;0;0;0;40;3;0
45;6;323798;7;13;1;7;1;1;0;7298;0;53;0;1
38;6;182570;3;10;1;0;1;1;0;0;0;38;0;0
21;6;200318;2;12;0;9;2;1;1;0;0;35;0;0
33;6;48520;1;9;3;12;2;1;0;0;0;40;0;0
39;6;130007;3;10;4;5;3;1;0;0;0;40;0;0
31;6;166248;1;9;1;0;1;1;0;0;0;40;0;0
43;6;203554;7;13;1;7;1;1;0;0;1902;50;0;1
33;5;291333;7;13;1;7;1;1;0;7298;0;45;0;1
49;2;39140;1;9;1;1;1;1;0;0;0;60;0;0
41;6;266439;1;9;1;0;1;1;0;0;0;40;0;0
55;2;126840;3;10;4;0;2;1;0;0;0;40;0;0
52;6;166419;3;10;4;6;2;0;1;0;0;37;0;0
42;6;287129;7;13;4;4;2;0;0;0;0;40;0;0
24;6;206827;3;10;0;6;0;1;1;0;0;30;0;0
42;6;173888;1;9;5;6;2;1;0;0;0;52;0;0
41;4;253250;7;13;1;7;1;1;0;7298;0;40;0;1
35;6;337239;1;9;1;0;1;1;0;0;0;40;3;0
54;3;201127;8;14;4;7;2;1;0;0;0;42;0;1
24;6;403107;9;3;0;12;5;1;0;0;0;40;3;0
57;3;223892;7;13;1;7;4;1;1;0;0;40;0;1
58;4;191318;8;14;1;7;1;1;0;15024;0;40;0;1
32;6;394708;1;9;0;3;3;0;0;0;0;40;0;0
22;6;119474;1;9;0;9;0;1;1;1055;0;25;0;0
20;6;419984;1;9;4;3;3;1;1;0;0;25;0;0
26;1;197897;1;9;0;6;0;0;1;0;0;20;20;0
33;6;286675;0;7;1;5;1;1;0;0;0;40;0;0
19;6;191986;4;6;0;9;3;1;1;0;0;40;0;0
50;2;90525;1;9;1;3;4;1;1;15024;0;20;0;1
32;6;56150;1;9;1;9;1;1;0;0;0;40;0;0
51;1;248327;7;13;1;11;1;0;0;0;0;40;0;1
18;6;90860;3;10;0;9;0;2;1;0;0;20;0;0
35;3;104858;8;14;1;7;1;1;0;0;0;50;0;1
46;6;196707;1;9;4;5;2;1;0;0;0;55;0;0
37;6;29430;1;9;4;9;3;1;0;0;0;45;0;0
45;6;54038;3;10;1;6;4;1;1;0;1902;20;0;1
63;6;281025;11;5;1;12;1;1;0;0;0;32;0;0
53;6;258832;1;9;0;3;5;2;0;0;0;10;7;0
24;6;131220;1;9;0;6;0;0;1;0;0;40;0;0
47;6;265097;1;9;1;0;1;1;0;0;0;40;0;0
41;6;185057;1;9;0;7;3;1;1;0;0;40;0;0
27;6;169557;1;9;4;0;2;1;0;6849;0;40;0;0
35;5;333636;1;9;1;7;1;0;0;0;0;75;0;0
19;6;181652;3;10;0;6;0;1;1;0;0;24;0;0
47;6;34307;3;10;3;3;2;1;1;0;0;35;0;0
25;3;198813;7;13;0;6;3;0;1;0;1590;40;0;0
59;1;240030;5;15;1;7;1;1;0;0;0;40;0;1
28;6;226089;4;6;0;0;3;1;1;0;0;40;0;0
17;6;190941;4;6;0;9;0;1;1;0;0;20;0;0
21;6;160261;3;10;0;7;0;2;0;2463;0;50;20;0
31;6;208458;1;9;4;9;3;4;1;0;0;40;3;0
49;6;112761;1;9;4;12;2;1;1;0;0;40;0;0
48;1;67716;8;14;1;4;1;1;0;7688;0;50;0;1
60;2;121076;12;16;4;9;2;1;0;0;0;20;0;0
33;2;182556;13;8;0;11;2;1;0;0;0;40;0;0
40;6;231348;1;9;1;5;1;1;0;0;0;40;0;0
42;6;55395;3;10;1;5;1;1;0;0;0;52;0;0
34;6;344073;1;9;1;11;1;1;0;5013;0;40;0;0
38;3;318912;10;11;4;6;0;0;0;0;0;52;0;0
58;2;237546;3;10;1;7;1;1;0;0;0;70;0;1
52;6;305090;3;10;3;9;5;1;1;0;0;55;0;0
22;1;198478;3;10;1;2;1;1;0;0;0;40;0;0
24;6;321435;7;13;1;1;1;1;0;0;0;35;0;1
39;6;259716;1;9;4;0;3;1;1;0;0;40;3;0
41;6;191547;8;14;1;7;1;1;0;99999;0;55;0;1
56;6;225927;11;5;1;5;1;1;0;2580;0;40;0;0
21;6;256504;1;9;0;3;2;1;1;0;0;40;0;0
29;6;168526;1;9;4;9;3;1;1;0;0;25;0;0
45;6;44489;10;11;4;3;2;1;0;0;0;10;0;0
44;1;159449;3;10;1;2;1;1;0;0;0;80;0;1
54;6;387540;8;14;1;4;1;1;0;0;0;45;0;1
24;6;314819;3;10;0;5;2;1;0;2174;0;40;0;0
40;6;34722;7;13;1;7;1;1;0;0;0;50;0;0
43;4;125831;7;13;0;4;0;1;0;99999;0;60;0;1
41;2;264663;0;7;4;3;2;1;1;0;0;40;0;0
32;6;294121;10;11;4;6;2;1;1;0;0;40;0;0
31;6;83912;7;13;1;6;4;1;1;0;0;25;3;0
26;6;241626;1;9;4;6;2;1;0;0;0;40;0;0
50;4;137815;7;13;1;5;1;1;0;0;0;40;0;1
62;5;153891;10;11;1;7;1;1;0;3137;0;40;0;0
24;6;83774;1;9;1;3;1;1;0;2885;0;45;0;0
58;6;199067;7;13;4;7;2;1;0;0;0;65;0;1
44;5;57233;3;10;1;5;1;1;0;0;0;40;0;1
44;6;211517;13;8;4;3;2;1;0;0;0;40;0;0
37;5;132879;3;10;1;11;1;1;0;0;0;50;0;1
65;2;72776;6;4;0;1;2;1;0;2964;0;40;0;0
33;6;54318;1;9;1;5;1;1;0;0;0;40;0;1
56;2;174564;8;14;1;4;1;1;0;0;0;60;0;1
35;6;179579;8;14;1;7;1;1;0;0;1977;48;0;1
33;6;187618;7;13;0;4;0;1;0;0;1741;40;0;0
35;6;186819;7;13;1;8;1;1;0;0;0;48;0;0
47;2;60087;3;10;5;7;2;1;1;0;0;60;0;0
35;2;28987;11;5;1;5;1;3;0;0;0;96;0;0
56;6;187355;3;10;4;9;3;1;1;0;0;40;0;0
29;5;218555;8;14;0;4;0;1;0;0;0;40;0;0
53;5;94214;5;15;1;4;1;2;0;7298;0;50;8;1
42;6;204729;10;11;3;9;3;0;1;0;0;25;0;0
24;6;236696;7;13;0;8;2;1;0;0;0;50;22;0
33;6;179747;1;9;1;0;1;1;0;0;0;40;0;0
42;6;187322;4;6;1;9;1;1;0;0;0;45;0;0
38;4;116975;3;10;1;2;1;1;0;0;1887;50;0;1
32;6;205950;1;9;0;0;0;1;0;0;0;40;0;0
20;2;190968;6;4;0;5;0;1;0;0;0;20;0;0
32;6;160458;1;9;1;5;1;1;0;0;0;50;0;0
28;1;190911;3;10;1;2;1;1;0;0;0;40;0;1
51;6;85382;1;9;1;5;1;1;0;0;0;55;0;1
41;1;129793;1;9;0;3;0;1;0;0;0;30;0;0
37;1;270181;2;12;5;3;3;0;1;0;0;50;0;0
23;6;243723;1;9;1;3;4;1;1;0;0;40;0;0
40;6;168113;1;9;1;5;1;1;0;0;0;40;0;0
47;6;652784;4;6;1;0;1;1;0;0;0;40;0;0
46;2;315984;1;9;1;7;1;1;0;0;0;50;0;0
24;6;311311;7;13;0;9;2;1;0;0;0;40;0;0
40;6;111336;1;9;4;0;3;0;1;0;0;28;0;0
30;2;100252;1;9;1;0;0;2;0;0;0;60;13;0
41;4;186990;5;15;2;4;2;4;1;0;0;52;0;1
37;4;241633;7;13;1;6;4;0;1;0;0;45;0;1
49;3;252616;1;9;1;11;1;2;0;0;0;40;7;0
41;3;46366;7;13;1;7;4;0;1;0;0;50;0;1
52;1;266138;10;11;1;7;1;1;0;0;0;35;0;0
23;6;32732;3;10;0;9;2;1;0;0;0;50;0;0
34;6;361978;1;9;4;5;3;0;1;1471;0;40;0;0
25;4;77661;7;13;0;7;2;1;1;0;2444;40;0;1
44;5;60087;1;9;1;5;1;1;0;0;0;45;0;1
31;1;197550;1;9;4;4;3;1;0;0;0;33;0;0
53;6;170701;7;13;4;6;3;1;1;0;0;40;0;0
62;6;159822;1;9;1;7;1;1;0;0;0;50;0;0
35;6;211494;7;13;0;7;2;1;0;0;1876;55;0;0
30;3;340899;7;13;0;4;2;1;0;0;0;40;0;0
48;4;224752;1;9;1;6;4;1;1;0;0;40;0;1
36;6;102568;7;13;0;4;2;1;1;0;0;40;0;1
32;6;220690;0;7;4;3;2;1;0;0;0;33;0;0
22;6;303170;3;10;0;10;0;1;1;0;0;28;0;0
19;6;192162;1;9;0;4;2;1;1;0;0;40;0;0
26;6;201635;1;9;0;6;2;1;1;0;0;40;0;0
56;4;133728;3;10;1;7;1;1;0;0;0;35;0;1
45;6;347025;6;4;2;3;3;1;1;0;0;21;0;0
23;6;110998;3;10;0;6;0;2;1;0;0;40;7;0
31;6;122347;1;9;3;12;2;1;0;0;0;40;0;0
30;6;127875;0;7;0;9;3;1;1;0;0;8;0;0
42;6;167534;1;9;1;12;1;1;0;5013;0;35;0;0
27;4;152560;5;15;1;4;1;1;0;0;0;60;0;0
37;6;265144;7;13;1;7;1;1;0;0;0;50;0;1
31;6;302679;1;9;0;0;2;1;0;0;0;60;0;0
33;6;290763;7;13;3;4;2;1;1;0;0;40;0;0
64;6;86837;15;1;1;12;1;2;0;0;0;40;7;0
32;6;147118;1;9;4;3;2;1;1;0;0;40;0;0
37;6;169469;3;10;1;5;1;1;0;0;0;40;0;0
25;6;189334;0;7;1;11;1;1;0;0;0;40;0;0
49;6;139571;1;9;1;6;1;1;0;4064;0;40;0;0
36;6;111545;7;13;1;4;1;1;0;0;1902;40;0;1
67;6;72776;3;10;1;12;1;1;0;10566;0;15;0;0
54;6;307973;1;9;1;12;1;1;0;0;0;40;0;1
45;1;211666;12;16;0;4;2;1;1;0;0;40;0;1
30;6;143766;3;10;0;5;2;1;0;0;0;40;0;0
39;4;112812;1;9;1;2;5;1;1;0;0;40;0;0
57;6;43290;4;6;4;3;2;3;1;0;0;20;0;0
57;6;111385;4;6;0;3;2;1;0;0;0;40;0;0
23;2;145744;1;9;1;1;1;1;0;0;0;40;0;0
49;1;126754;1;9;1;3;5;1;0;0;0;40;23;0
46;4;54260;7;13;1;4;1;1;0;0;0;10;0;1
41;4;34895;7;13;0;8;2;1;1;0;0;43;0;0
44;6;166740;10;11;1;8;1;1;0;0;0;45;0;0
25;6;143062;7;13;0;3;0;1;1;2463;0;30;0;0
34;1;191957;7;13;1;5;1;0;0;0;0;45;0;1
24;6;109456;7;13;0;9;0;1;0;0;0;25;0;0
32;6;198183;7;13;0;7;2;1;1;0;0;45;0;0
27;1;157449;1;9;1;8;1;1;0;0;0;50;0;1
67;6;53874;13;8;1;0;1;0;0;0;0;40;21;0
36;6;191754;1;9;1;5;1;1;0;0;0;40;0;0
40;6;320071;3;10;4;7;2;1;0;0;1408;48;0;0
24;6;164574;1;9;1;11;1;1;0;0;0;40;0;0
46;6;185870;7;13;1;9;1;1;0;0;1902;40;0;1
44;4;165745;1;9;4;6;3;1;1;0;0;38;0;0
23;2;40323;3;10;1;5;1;1;0;0;0;40;0;1
46;6;199378;5;15;0;4;2;1;0;0;0;90;0;0
31;6;289889;10;11;0;8;2;1;0;0;0;40;0;0
21;1;152200;3;10;1;2;0;0;0;0;0;40;0;0
61;6;198231;1;9;1;5;1;1;0;0;0;40;0;1
71;2;28865;1;9;1;1;1;1;0;0;0;15;0;0
42;6;26915;7;13;1;7;1;1;0;0;0;40;0;1
21;4;204034;3;10;0;3;2;1;1;0;0;16;0;0
21;6;243368;15;1;0;1;2;1;0;0;0;25;3;0
28;1;191088;7;13;4;4;2;1;1;2354;0;60;0;0
27;1;194515;2;12;0;4;0;0;1;0;0;37;0;0
32;6;28984;3;10;0;3;2;1;1;0;2001;25;0;0
47;6;125892;1;9;4;12;2;1;0;0;0;40;0;0
22;6;37932;2;12;0;7;2;1;0;0;0;35;20;0
56;6;249751;1;9;1;8;1;1;0;0;0;40;0;0
20;6;191948;1;9;1;3;5;1;1;0;0;40;0;0
30;6;97306;3;10;0;9;2;1;1;0;0;40;0;0
22;6;176178;3;10;0;3;0;1;1;0;0;25;0;0
28;6;142764;10;11;1;5;1;1;0;7688;0;45;0;1
50;6;148431;8;14;1;7;1;1;0;0;0;55;0;1
66;4;148380;1;9;1;0;4;1;1;1424;0;10;0;0
38;6;314890;3;10;0;3;2;1;0;0;0;46;0;0
62;6;177493;13;8;1;7;1;1;0;0;0;30;0;0
36;3;327435;8;14;4;8;2;1;1;0;0;40;0;1
47;6;275967;4;6;1;5;1;1;0;0;0;35;0;0
25;6;176520;1;9;0;8;2;1;0;0;0;40;0;0
26;6;186463;3;10;1;11;1;1;0;0;0;40;0;0
37;6;50380;0;7;1;1;1;1;0;0;0;40;0;0
70;2;323987;6;4;1;5;1;1;0;0;0;8;0;0
52;6;192445;0;7;1;11;1;1;0;0;0;40;0;0
70;6;142851;11;5;1;7;1;1;0;0;0;18;0;0
19;4;42750;1;9;0;2;0;1;0;0;0;40;0;0
23;6;199011;0;7;0;5;0;1;0;0;0;3;0;0
37;6;173963;0;7;3;9;3;0;1;0;0;40;0;0
45;4;284763;3;10;4;4;3;0;1;0;0;40;0;0
29;6;108775;7;13;1;7;1;1;0;0;0;50;0;1
56;2;233312;7;13;1;7;1;1;0;0;0;20;18;0
50;6;197826;8;14;1;8;1;1;0;0;0;40;0;0
20;6;123007;1;9;0;6;5;1;0;0;2001;30;0;0
26;6;264012;7;13;0;6;2;1;0;0;0;40;0;0
41;5;214247;5;15;1;4;1;1;0;0;2415;60;0;1
21;6;200121;1;9;0;12;0;1;0;0;0;40;0;0
48;2;138069;9;3;1;5;1;1;0;0;2042;50;0;0
22;6;33551;3;10;0;3;2;1;0;0;0;40;0;0
37;4;89083;2;12;1;3;1;1;0;0;0;35;0;0
47;6;369438;3;10;1;5;1;0;0;0;0;30;0;1
61;6;93997;7;13;4;9;3;1;0;0;0;40;0;0
47;1;169699;8;14;1;4;1;1;0;0;0;40;0;1
37;6;115429;1;9;1;5;1;1;0;0;0;25;0;0
46;4;96652;10;11;3;6;3;0;1;0;0;40;0;0
42;2;103759;1;9;1;9;1;1;0;0;0;48;0;0
41;6;54422;1;9;4;6;3;1;1;0;0;40;0;0
33;1;107215;11;5;1;3;1;1;0;0;0;40;0;0
24;6;194630;7;13;0;4;2;1;0;0;0;35;0;0
27;6;102142;2;12;0;8;2;1;0;0;0;40;0;0
40;3;134638;7;13;1;7;1;1;0;0;0;39;0;0
56;6;46920;4;6;1;0;1;1;0;0;0;40;0;0
35;3;207973;12;16;1;4;1;1;0;0;0;55;24;0
24;6;208946;10;11;0;5;2;1;0;0;0;40;0;0
73;2;252431;3;10;1;4;4;1;1;0;0;1;0;0
36;6;251730;3;10;0;9;2;1;0;0;0;50;0;0
31;6;301251;7;13;1;5;1;1;0;0;0;50;0;1
36;6;197274;1;9;0;12;2;0;0;0;0;40;0;0
37;6;106043;1;9;1;9;1;0;0;0;0;40;0;1
26;6;195636;7;13;0;4;2;1;1;0;0;55;0;0
20;6;237956;1;9;0;2;0;1;0;0;0;40;21;0
58;6;31532;7;13;1;4;1;1;0;0;0;40;0;1
45;4;276157;7;13;1;4;1;1;0;0;0;40;0;1
31;6;142921;7;13;0;8;2;1;1;0;0;40;0;0
44;6;217039;5;15;1;4;1;1;0;99999;0;60;0;1
19;1;259169;3;10;0;4;0;1;1;0;0;30;0;0
54;6;409173;1;9;1;8;1;0;0;0;0;50;11;1
31;4;73161;8;14;1;4;1;1;0;0;1740;40;0;0
27;6;241431;1;9;1;5;1;1;0;0;0;35;0;0
36;6;151764;3;10;1;9;1;1;0;5178;0;40;0;1
47;3;131726;3;10;4;6;2;1;0;0;1876;40;0;0
35;6;334291;7;13;1;7;1;1;0;0;0;45;0;0
42;6;67243;14;2;1;6;1;1;0;0;0;55;25;1
45;6;370261;7;13;4;7;2;1;1;0;0;40;0;0
70;6;573446;1;9;1;5;1;1;0;1455;0;40;0;0
27;1;189775;13;8;0;3;0;0;1;0;0;44;0;0
36;6;312206;1;9;1;4;1;1;0;0;0;60;0;1
23;6;86939;1;9;5;0;2;1;0;0;0;40;0;0
25;6;221757;7;13;0;7;2;1;0;0;0;50;0;0
45;2;213140;3;10;1;5;1;1;0;7688;0;45;0;1
24;6;308673;1;9;0;12;0;1;0;0;0;30;0;0
90;6;149069;2;12;1;9;1;1;0;0;1825;50;0;1
50;6;69345;1;9;1;0;1;1;0;0;1902;44;0;1
37;6;112158;1;9;1;5;1;1;0;7688;0;99;0;1
31;6;386299;3;10;0;6;2;1;1;0;0;40;0;0
17;6;61838;0;7;0;1;0;1;0;0;0;40;0;0
26;6;290286;3;10;0;6;2;0;0;0;0;38;0;0
41;6;143069;12;16;1;4;1;1;0;0;0;60;0;0
50;5;145714;1;9;1;7;1;1;0;0;0;60;0;1
45;2;285570;1;9;1;11;1;1;0;0;0;80;0;0
54;2;399705;3;10;1;9;1;1;0;0;0;55;0;1
54;6;186224;1;9;1;5;1;1;0;0;0;40;0;0
38;6;172918;1;9;0;0;0;1;0;0;0;40;0;0
22;6;198270;1;9;1;9;5;1;1;0;0;38;0;0
43;6;307767;1;9;1;0;1;1;0;0;0;40;0;0
30;6;169002;7;13;1;8;1;1;0;0;0;40;0;1
42;6;99203;1;9;3;5;2;1;0;3325;0;40;0;0
48;6;197836;3;10;1;0;1;1;0;0;0;40;0;1
56;6;140136;3;10;1;11;1;0;0;0;0;35;0;1
21;1;402230;3;10;0;6;3;1;0;0;0;36;0;0
45;6;167159;7;13;1;5;1;1;0;0;0;40;0;0
37;6;116409;5;15;1;7;1;1;0;0;0;40;0;1
38;1;105161;7;13;1;4;1;1;0;0;0;30;0;0
34;6;263908;3;10;1;9;1;1;0;0;0;50;0;0
29;6;189565;1;9;4;2;0;1;0;0;0;40;0;0
24;6;224059;1;9;1;0;1;1;0;0;0;40;0;0
35;6;240988;2;12;0;0;2;1;0;0;0;55;0;0
39;2;41017;4;6;1;11;1;1;0;0;0;70;0;0
73;2;214498;6;4;1;1;1;1;0;0;0;12;0;0
57;6;186361;10;11;0;3;0;1;1;0;0;40;0;0
35;5;165799;7;13;1;9;1;1;0;0;0;50;0;0
60;6;266983;1;9;1;12;1;1;0;0;0;32;0;0
54;6;226497;1;9;1;0;1;1;0;0;0;40;0;0
53;2;99516;7;13;1;5;1;1;0;0;0;40;0;0
23;6;177287;3;10;0;7;5;1;1;0;0;40;0;0
57;2;27385;3;10;1;7;1;1;0;0;0;48;0;1
27;2;147452;4;6;0;9;0;1;1;0;0;48;0;0
25;6;144334;1;9;0;7;0;0;0;0;0;40;0;0
38;6;217926;1;9;1;5;1;0;0;0;0;40;0;0
48;6;153312;3;10;1;9;1;0;0;0;0;60;0;1
24;6;126822;1;9;0;6;3;1;1;0;0;45;0;0
67;5;51415;3;10;1;9;1;1;0;0;0;40;0;0
20;6;171886;1;9;0;3;0;0;0;0;0;35;0;0
38;6;216319;12;16;1;4;1;2;0;0;0;40;26;1
54;6;279337;6;4;1;5;1;1;0;0;0;40;0;0
20;2;115085;3;10;0;1;0;1;0;0;0;40;0;0
57;6;453233;4;6;3;7;2;1;0;0;0;55;0;0
34;3;400943;7;13;0;7;2;1;0;0;0;44;0;0
34;6;226883;1;9;3;5;3;1;0;0;0;49;0;0
80;6;138050;1;9;5;0;2;1;1;0;0;16;0;0
40;6;204585;1;9;1;0;4;1;1;0;0;40;0;0
19;1;220558;0;7;0;12;5;1;0;0;0;35;0;0
35;6;198841;3;10;1;2;1;1;0;0;0;56;0;0
21;6;67244;1;9;0;9;3;1;1;0;0;40;0;0
59;1;75785;0;7;1;3;1;1;0;0;0;40;0;0
53;6;85423;3;10;1;11;1;1;0;0;0;40;0;1
41;2;134724;10;11;1;3;4;1;1;3103;0;40;0;1
59;6;109567;1;9;1;11;1;1;0;0;0;55;0;0
52;6;157413;14;2;4;1;2;0;0;0;0;40;0;0
48;6;238567;9;3;1;12;1;1;0;0;0;40;3;0
24;6;153133;13;8;0;0;0;0;0;0;0;40;0;0
49;6;186256;5;15;1;9;1;1;0;0;0;40;0;1
19;6;260265;1;9;0;6;0;1;0;0;0;50;0;0
50;6;131819;1;9;4;3;2;1;1;0;0;40;0;0
39;6;141584;2;12;1;5;1;1;0;0;0;60;0;1
25;6;245121;1;9;1;3;4;0;1;0;0;40;0;0
66;6;22502;6;4;4;3;5;2;1;0;0;40;7;0
30;6;23778;3;10;0;7;2;1;0;4416;0;40;0;0
49;6;380922;8;14;1;7;1;1;0;15024;0;80;0;1
40;2;173651;3;10;1;5;1;1;0;0;0;45;0;0
38;6;191137;4;6;1;3;1;1;0;0;0;40;0;0
25;6;217006;0;7;1;5;1;1;0;0;0;40;0;0
51;4;22211;1;9;4;7;2;1;0;0;0;37;0;1
23;1;57711;7;13;0;6;0;1;1;0;0;40;6;0
60;2;123190;11;5;1;7;1;1;0;0;1887;67;0;1
44;6;110028;1;9;4;9;2;1;0;27828;0;60;0;1
53;2;174102;5;15;4;4;3;1;0;25236;0;60;0;1
66;2;183249;7;13;1;4;1;1;0;0;0;20;0;1
44;1;49665;10;11;4;0;3;3;0;0;0;40;0;0
38;6;210438;1;9;1;0;1;0;0;0;0;40;0;1
30;6;53373;7;13;1;6;1;1;0;0;0;40;0;1
36;6;295706;1;9;0;0;2;1;0;3674;0;42;0;0
38;1;273457;3;10;1;6;1;1;0;0;0;40;0;1
31;3;165949;7;13;0;7;2;1;1;0;0;45;0;0
26;6;142152;0;7;0;11;2;1;1;0;0;35;0;0
23;6;189203;3;10;0;3;2;1;0;0;0;25;0;0
58;4;179089;7;13;1;6;4;1;1;0;0;40;0;0
44;2;53956;7;13;1;7;1;1;0;3137;0;40;0;0
59;5;77816;5;15;1;4;1;1;0;99999;0;40;0;1
36;1;74593;3;10;1;7;1;1;0;0;0;40;0;0
42;6;196158;3;10;4;3;2;1;1;8614;0;52;0;1
17;6;28544;0;7;0;9;2;1;1;0;0;20;0;0
59;1;662460;4;6;2;4;3;1;1;0;0;15;0;0
22;6;152328;3;10;0;1;2;1;0;0;0;40;0;0
40;6;120277;7;13;1;9;1;1;0;0;0;45;0;0
36;6;180278;7;13;0;4;2;0;0;0;0;40;0;0
49;6;111558;1;9;1;6;4;1;1;0;1977;25;0;1
38;2;195686;1;9;3;7;3;1;0;0;0;25;0;0
48;6;226696;1;9;1;5;1;0;0;0;0;40;0;0
33;6;172237;2;12;1;9;1;1;0;0;0;46;0;0
34;2;114074;10;11;2;7;3;1;1;0;0;40;0;0
58;1;218724;1;9;2;3;2;1;0;0;0;40;0;0
52;6;134190;4;6;4;11;3;1;0;0;0;40;0;0
45;1;181964;3;10;1;4;1;1;0;0;1887;47;0;1
37;6;385330;6;4;3;3;3;0;0;0;0;40;0;0
48;6;242406;1;9;1;0;1;1;0;0;0;40;4;0
40;3;107584;7;13;1;5;1;1;0;0;0;40;0;1
29;6;127892;7;13;1;9;1;1;0;0;0;45;0;0
33;6;160261;10;11;1;8;1;2;0;0;0;10;0;0
48;6;153254;1;9;1;8;1;0;0;0;0;48;0;0
36;2;294672;7;13;1;7;4;1;1;0;0;40;0;0
31;6;145924;3;10;4;0;3;1;1;0;0;35;0;0
41;2;280005;3;10;1;5;1;1;0;0;0;50;0;0
29;3;66893;7;13;0;4;2;1;0;0;0;40;0;0
20;6;47039;3;10;0;5;0;1;0;0;0;40;0;0
53;3;36186;7;13;1;7;1;1;0;7298;0;40;0;1
37;6;159383;1;9;4;9;3;1;1;0;0;40;0;0
28;6;192010;7;13;1;3;4;1;1;0;0;35;0;0
27;6;216479;7;13;0;9;2;1;1;0;0;40;0;0
23;6;211345;3;10;0;6;0;1;1;0;0;40;27;0
25;6;203561;10;11;1;8;1;1;0;0;0;56;0;1
63;6;170815;3;10;1;4;1;1;0;0;0;38;0;0
65;2;200565;3;10;1;9;1;1;0;0;0;18;0;0
77;6;89655;1;9;2;6;2;1;1;0;0;40;0;0
32;6;234195;1;9;4;3;2;1;0;0;0;40;0;0
40;6;98466;1;9;1;5;1;1;0;0;0;40;0;1
67;6;191437;1;9;2;6;2;1;1;0;0;40;0;0
24;1;134181;8;14;0;4;0;1;1;0;0;40;0;0
53;4;195690;12;16;1;4;1;1;0;0;1902;50;0;1
37;5;94869;8;14;4;4;2;0;0;4787;0;40;0;1
44;4;267464;3;10;3;8;0;0;1;0;0;40;0;0
17;6;81010;0;7;0;9;0;1;1;0;0;20;0;0
47;6;54260;10;11;1;7;1;1;0;0;1887;60;0;1
62;3;171995;4;6;1;12;1;0;0;2829;0;40;0;0
39;6;245665;2;12;4;4;2;1;0;0;0;60;0;0
32;4;189838;3;10;4;4;5;1;1;0;0;40;0;0
25;6;629900;7;13;1;4;4;0;1;0;0;40;0;1
30;6;84119;1;9;1;7;1;1;0;0;0;65;0;1
47;6;47343;8;14;1;7;1;1;0;0;0;50;0;1
40;6;103614;4;6;4;5;0;1;0;0;0;40;0;0
38;6;303092;1;9;1;7;1;1;0;0;0;40;0;0
41;4;124520;8;14;1;4;1;1;0;0;0;40;0;1
21;6;220857;3;10;0;9;0;1;0;0;0;20;0;0
32;4;247481;2;12;1;4;1;1;0;0;0;48;0;1
54;6;283281;6;4;0;5;2;0;0;0;0;50;0;0
31;6;25610;15;1;0;12;2;3;0;0;0;25;0;0
42;6;13769;10;11;4;4;3;1;0;0;0;40;0;0
23;6;283969;4;6;0;12;0;1;0;0;0;40;3;0
18;6;185522;1;9;0;9;0;1;1;0;0;33;0;0
37;6;144005;3;10;0;9;2;1;0;0;0;50;0;0
53;4;205949;2;12;4;6;3;3;1;0;0;40;0;0
50;6;158948;1;9;1;4;1;1;0;0;0;84;0;0
64;6;240357;1;9;2;6;2;1;1;0;0;40;0;1
55;6;243929;8;14;1;4;1;1;0;0;0;60;0;0
63;6;201700;7;13;1;9;1;1;0;7298;0;40;0;1
53;6;208402;3;10;4;6;3;4;1;4865;0;45;3;0
18;6;120599;0;7;0;6;3;1;0;0;0;40;0;0
33;6;231826;0;7;1;5;1;1;0;0;0;40;3;0
62;6;499971;0;7;2;12;2;0;1;0;0;40;0;0
56;6;227972;8;14;1;4;1;1;0;15024;0;48;6;1
58;4;299680;8;14;1;6;1;1;0;15024;0;43;0;1
33;6;231822;4;6;3;9;3;1;1;0;0;38;0;0
58;6;185459;1;9;1;11;1;1;0;0;0;45;0;0
44;6;90582;7;13;1;5;1;1;0;0;0;50;0;1
81;6;184615;6;4;2;0;3;1;1;1264;0;40;0;0
28;6;173858;1;9;0;5;5;2;0;0;0;35;26;0
28;6;132326;1;9;0;6;0;1;0;0;0;40;0;0
43;6;315037;7;13;1;5;1;1;0;0;0;45;0;1